NOME;COGNOME;MATRICOLA;COD_FISC;LOC_NASC;DATA_NASC;COD_RUOLO;RUOLO
ANDREA;ADDOBBATI;80216;DDBNDR64P29E625W;LIVORNO;29/09/1964;PO;Professori Ordinari
ALBERTO MARIO;BANTI;8136;BNTLRT57H03G702H;PISA;03/06/1957;PO;Professori Ordinari
SIMONETTA;BASSI;9204;BSSSNT66B47L483I;UDINE;07/02/1966;PO;Professori Ordinari
MARIA CARMELA;BETRO';5930;BTRMCR54M56L259C;TORRE DEL GRECO;16/08/1954;PO;Professori Ordinari
PIER GIORGIO;BORBONE;9746;BRBPGR56H11L219J;TORINO;11/06/1956;PO;Professori Ordinari
MARIA DOMITILLA;CAMPANILE;9568;CMPMDM64P42G702G;PISA;02/09/1964;PO;Professori Ordinari
FEDERICO;CANTINI;11801;CNTFRC73L19D403I;EMPOLI;19/07/1973;PO;Professori Ordinari
BRUNO;CENTRONE;9320;CNTBRN55E22H199V;RAVENNA;22/05/1955;PO;Professori Ordinari
SIMONE MARIA;COLLAVINI;9801;CLLSNM68D10I657R;SERRAVALLE SCRIVIA;10/04/1968;PO;Professori Ordinari
ADRIANO;FABRIS;6082;FBRDRN58S02L736A;VENEZIA;02/11/1958;PO;Professori Ordinari
ALFREDO;FERRARIN;9269;FRRLRD60R07L157D;THIENE;07/10/1960;PO;Professori Ordinari
MARIA ANTONELLA;GALANTI;9788;GLNMNT54L68M126Q;VOLTERRA;28/07/1954;PO;Professori Ordinari
GIOVANNI;PAOLETTI;80187;PLTGNN70A03G702Q;PISA;03/01/1970;PO;Professori Ordinari
GIUSEPPE;PETRALIA;9657;PTRGPP54T25D086X;COSENZA;25/12/1954;PO;Professori Ordinari
SERGIO;PINNA;7239;PNNSRG55D08G702K;PISA;08/04/1955;PO;Professori Ordinari
ALESSANDRO;POLSI;9785;PLSLSN55S25L424I;TRIESTE;25/11/1955;PO;Professori Ordinari
CINZIA MARIA;SICCA;6238;SCCCZM54C42G702L;PISA;02/03/1954;PO;Professori Ordinari
