NOME;COGNOME;MATRICOLA;COD_FISC;LOC_NASC;DATA_NASC;COD_RUOLO;RUOLO;CESSAZIONE
CARLO;BARONI;8055;BRNCRL56P08A060D;ADRO;08/09/1956;PO;Professori Ordinari;01/11/2026
MICHELE;MARRONI;8031;MRRMHL58E30G702P;PISA;30/05/1958;PO;Professori Ordinari;01/11/2028
LUCA;PANDOLFI;10580;PNDLCU64E21F023A;MASSA;21/05/1964;PO;Professori Ordinari;01/11/2034
MARTA;PAPPALARDO;9315;PPPMRT65S63C621U;CHIAVARI;23/11/1965;PO;Professori Ordinari;01/11/2036
MARCO;PASERO;6248;PSRMRC58H25G702C;PISA;25/06/1958;PO;Professori Ordinari;01/11/2028
GIOVANNI;ZANCHETTA;80073;ZNCGNN65M28E715S;LUCCA;28/08/1965;PO;Professori Ordinari;01/11/2035
