NOME;COGNOME;MATRICOLA;COD_FISC;LOC_NASC;DATA_NASC;COD_RUOLO;RUOLO
ELISABETTA;CATELANI;8708;CTLLBT59T67D612L;FIRENZE;27/12/1959;PO;Professori Ordinari
PIERLUIGI;CONSORTI;8032;CNSPLG60T10H501C;ROMA;10/12/1960;PO;Professori Ordinari
FRANCESCO;DAL CANTO;9513;DLCFNC69R18E625G;LIVORNO;18/10/1969;PO;Professori Ordinari
ALFREDO;FIORITTO;10901;FRTLRD54C07I543H;SCONTRONE;07/03/1954;PO;Professori Ordinari
ALBERTO;GARGANI;9202;GRGLRT62E02Z114V;OXFORD REGNO UNITO DI GRAN BRETAGNA;02/05/1962;PO;Professori Ordinari
NICOLA;GIOCOLI;9345;GCLNCL67M14D612U;FIRENZE;14/08/1967;PO;Professori Ordinari
TOMMASO;GRECO;9745;GRCTMS68L11B426R;CALOVETO;11/07/1968;PO;Professori Ordinari
ELENA;MALFATTI;9086;MLFLNE68M44E715K;LUCCA;04/08/1968;PO;Professori Ordinari
PAOLO;PASSAGLIA;9646;PSSPLA73S05G702V;PISA;05/11/1973;PO;Professori Ordinari
MICHELA;PASSALACQUA;11543;PSSMHL74B67E463N;La Spezia LA SPEZIA;27/02/1974;PO;Professori Ordinari
ENZA;PELLECCHIA;8667;PLLNZE61L65D548G;FERRARA;25/07/1961;PO;Professori Ordinari
ALDO;PETRUCCI;9178;PTRLDA57L14H501Y;ROMA;14/07/1957;PO;Professori Ordinari
DIANORA;POLETTI;8043;PLTDNR57T49B832Z;CARRARA;09/12/1957;PO;Professori Ordinari
ELEONORA;SIRSI;6234;SRSLNR60D54E882F;MANDURIA;14/04/1960;PO;Professori Ordinari
ROLANDO;TARCHI;9189;TRCRND57L23H570H;ROSIGNANO MARITTIMO;23/07/1957;PO;Professori Ordinari
ANTONIO;VALLINI;80090;VLLNTN73A07L833N;VIAREGGIO;07/01/1973;PO;Professori Ordinari
