NOME ;COGNOME;MATR.;COD_FISC;LUOGO_NASC;DATA_NASC;RUOLO;CORSO
CARLO ;SALOI;588595;SLACRL91E28G535C;Piacenza (PC);28/05/1991;PHD;CD15
ELISA ;STRACQUALURSI;567512;STRLSE93R67G999W;Prato (FI);27/10/1993;PHD;CD15
MARCO;DI GERONIMO;546679;DGRMRC97H30G942Y;Potenza (PZ);30/06/1997;STU;LMG
LAURA;CARROZZA;549560;CRRLRA97H69G843B;Pontedera (PI);29/06/1997;STU;LMG
GIOVANNI;CORALLO;561274;CRLGNN98H19H163X;Ragusa (RG);19/06/1998;STU;LMG
CLELIA;BARONE;518678;BRNCLL95H43H163Y;Ragusa (RG);03/06/1995;STU;LMG
EMANUELA;BORDIGONI;552713;BRDMNL97M66B832G;Carrara (MS);26/08/1997;STU;LMG
GIULIA ;GIANNONE;521622;GNNGLI95L62B180N;Brindisi (BR);22/07/1995;STU;LMG
FEDERICA;CASTELLANO;502792;CSTFRC94C54F839O;Napoli (NA);14/03/1994;STU;LMG
ALESSANDRO;RAFFAELE;507470;RFFLSN94R18C129K;Castellammare di Stabia (NA);18/10/1994;STU;LMG
ILARIA;LOGIURATO;537092;LGRLRI96E47E977V;Marsicovetere (PZ);07/05/1996;STU;DIR-L
RAFFAELLA;CASTALDO;490525;CSTRFL93L64I046T;San Miniato (PI);24/07/1993;STU;LMG
JACOPO ;MARZI;501662;MRZJCP94L09E625P;Livorno (LI);09/07/1994;STU;LMG
GINEVRA;COLOMBO;534318;CLMGVR96P68E625A;Livorno (LI);28/09/1996;STU;LMG
SOFIA;TESTA;560748;TSTSFO98B68E625X;Livorno (LI);28/02/1998;STU;LMG
CHIARA;TAMBURI;533006;TMBCHR95S52Z357I;Dodoma (Tanzania);12/11/1995;STU;LMG
PIERCOSIMO;TRISOLINO;553083;TRSPCS93L02E815V;Maglie (LE);02/07/1993;STU;LMG
BENJAMIN;GELORMINI;518117;GLRBJM95T27E625F;Livorno (LI);27/12/1995;STU;LMG
