First Name;Last Name;matricola;Public ID;Birth date;Birth place;Role;corso;Data inizio mandato;Data fine mandato;Data iscrizione;Data fine corso
LAURA;BRONZO;505517;BRNLRA94C60A048N;Acquaviva delle Fonti (BA);20/03/1994;STU;WGE-LM;;;;
FEDERICO;CERRAI ;552316;CRRFRC92R09G702V;Pisa (PI);09/10/1992;STU;WGF-LM;;;;
GIOVANNI;SENATORI;564314;SNTGNN98R04E463U;La Spezia (SP);04/10/1998;STU;GEO-L;;;;
MARTINA;GALLONI;521762;GLLMTN95S53I726F;Siena (SI);13/11/1995;STU;WGE-LM;;;;
ILARIO;CAVIRANI;518594;CVRLRI95S01F023K;Massa (MS);01/11/1995;STU;WGE-LM;;;;
NOEMI;DANESI ;559942;DNSNMO99A64E625B;Livorno (LI);24/01/1999;STU;GEO-L;;;;
GUGLIELMO;DI STEFANO;570305;DSTGLL93R18A488S;Atri (TE);18/10/1993;STU;WGE-LM;;;;
FRANCESCO;SIMEONE;545521;SMNFNC97B14E625N;Livorno (LI);14/02/1997;STU;GEO-L;;;;
TOMMASO;TRINCHETTI;504796;TRNTMS90H20I046T;San Miniato (PI);20/06/1990;STU;WSM-LM;;;;
ANDREA;AQUINO;587814;QNANDR90E18D612B;FIRENZE;18/05/1990;PHD;CD14;;;;
RICCARDO;CERRATO;20332;CRRRCR89H29A124S;ALBA;29/06/1989;ASS;;;;01/12/2019;30/11/2020
