First Name;Last Name;matricola;Public ID;Birth place;Birth date;Role;corso
EDOARDO;ALTAMURA;496478;LTMDRD93L27A657J;Barga (LU);27/07/1993;STU;WAV-LM
IRENE ;SCARAMELLINI;504730;SCRRNI93M49C623E;Chiavenna (SO);09/08/1993;STU;WPX-LM
PAOLA;GIORDANO;560847;GRDPLA97R44A091N;Agropoli (SA);04/10/1997;STU;PAX-L
CLAUDIO;TONGIORGI;568339;TNGCLD98H13G702D;Pisa (PI);13/06/1998;STU;SBC-L
GIULIA, MARIA;FRUZZETTI;551933;FRZGLI97M62E715H;Lucca (LU);22/08/1997;STU;SBC-L
SILVIA;DI GIOVANNA;516336;DGVSLV95L68I533W;Sciacca (AG);28/07/1995;STU;WLC-LM
ISMAIL;EL GHARRAS;516913;LGHSML94M09D458S;Faenza (RA);09/08/1994;STU;WSR-LM
