"Id";"Mat";"Cognome";"cred"
"917872EA-4A8A-4E75-A27B-0660FC5222A3";"496478";"ALTAMURA";"e.altamura@studenti.unipi.it"
"FBA92D42-03AB-4764-AA8B-17CEFCF8EC51";"534318";"COLOMBO";"g.colombo7@studenti.unipi.it"
"9E467219-A6E2-4A63-8662-184B3E43F70A";"521622";"GIANNONE";"g.giannone3@studenti.unipi.it"
"92DF8816-79CE-4CC5-85C9-246E0BD3388C";"590750";"LAMURAGLIA";"s.lamuraglia@studenti.unipi.it"
"A15FE59E-63B9-40D2-A846-2A2077FFF58B";"518117";"GELORMINI";"b.gelormini@studenti.unipi.it"
"AB0CBBFE-BFE1-44B0-93F8-2AF8FB235ED0";"504730";"SCARAMELLINI";"i.scaramellini@studenti.unipi.it"
"FFFED7CC-7E00-4E51-9DFD-307D7ACE1A86";"549560";"CARROZZA";"l.carrozza@studenti.unipi.it"
"EB8C7F77-0926-491C-9117-36A2A13E044B";"505517";"BRONZO";"l.bronzo@studenti.unipi.it"
"9012FAB1-1CE1-4B2E-B40A-4132FA7D0CF4";"553083";"TRISOLINO";"p.trisolino@studenti.unipi.it"
"435F373C-3A70-4C17-B1AB-46F137976393";"545521";"SIMEONE";"f.simeone1@studenti.unipi.it"
"BCF00798-9A12-4DB7-BBA8-5519E3605016";"568339";"TONGIORGI";"c.tongiorgi1@studenti.unipi.it"
"ADFDF98E-1ED2-4AAC-B22A-561F328AF153";"564314";"SENATORI";"g.senatori@studenti.unipi.it"
"38B3B1DF-A245-4D9E-A89C-5853EA3365D2";"588595";"SALOI";"c.saloi@studenti.unipi.it"
"4331D9A4-0900-45FD-82F9-58DD30583343";"490525";"CASTALDO";"r.castaldo1@studenti.unipi.it"
"00EC8FA3-32BA-43C7-B2C6-5B47DCB93B16";"567512";"STRACQUALURSI";"e.stracqualursi@studenti.unipi.it"
"67ED451B-39C7-40DC-AFD9-5D112587A8DA";"518594";"CAVIRANI";"i.cavirani@studenti.unipi.it"
"511E777A-7881-42D9-A253-5EE85BBC3303";"559942";"DANESI ";"n.danesi@studenti.unipi.it"
"9C747350-F73F-44B0-B26E-69AF0228B8EC";"504796";"TRINCHETTI";"t.trinchetti@studenti.unipi.it"
"AFD83D7B-B358-4985-8865-6F115898997D";"552713";"BORDIGONI";"e.bordigoni@studenti.unipi.it"
"7852E72F-3376-49F6-A64B-71030DB31827";"537092";"LOGIURATO";"i.logiurato@studenti.unipi.it"
"6B72C978-0F8D-49CA-9E65-7806F17F3A01";"518678";"BARONE";"c.barone7@studenti.unipi.it"
"11883D12-D9C8-45FE-8191-79BD351F5E6A";"575906";"LICASTRO";"s.licastro1@studenti.unipi.it"
"F19800DA-04E6-4848-AAE6-7BB6157FE50E";"560847";"GIORDANO";"p.giordano4@studenti.unipi.it"
"864A96C5-FA36-46CB-AC08-81AF5BD18125";"516913";"EL GHARRAS";"i.elgharras@studenti.unipi.it"
"1210048B-602F-4897-8D8F-8243D0060C7C";"516336";"DI GIOVANNA";"s.digiovanna@studenti.unipi.it"
"26ECFB70-FBDA-4CD7-ABF4-846F89FB228B";"590753";"DE BIASI";"c.debiasi@studenti.unipi.it"
"FEA01974-60C7-4AD2-859C-93FDA0CFA8E7";"502792";"CASTELLANO";"f.castellano1@studenti.unipi.it"
"9F320628-8BD3-41C0-B878-99A3DA159B2C";"546679";"DI GERONIMO";"m.digeronimo2@studenti.unipi.it"
"DD00DBBF-D755-4156-AA11-9DA014194E00";"507470";"RAFFAELE";"a.raffaele@studenti.unipi.it"
"A6964013-5038-4B44-BAB8-A194A8B8A6CA";"561274";"CORALLO";"g.corallo2@studenti.unipi.it"
"79A675A8-C85F-4CBD-BD15-A252B097574B";"533006";"TAMBURI";"c.tamburi@studenti.unipi.it"
"FC809C54-2D50-472B-92AE-B1A1B39797C8";"560748";"TESTA";"s.testa5@studenti.unipi.it"
"60B2948E-1321-4870-8A7B-B88F2F4E4974";"588665";"ATZORI";"e.atzori2@studenti.unipi.it"
"E70EB851-AE46-4211-9A15-CAA7A78C3CFB";"551933";"FRUZZETTI";"g.fruzzetti5@studenti.unipi.it"
"DBC0E007-3088-414C-8E67-CB0B44E4E8C5";"587814";"AQUINO";"a.aquino3@studenti.unipi.it"
"F9AFCAD0-81FE-4C4E-A0E1-E3F2A832F79D";"552316";"CERRAI ";"f.cerrai2@studenti.unipi.it"
"21365FB2-782F-4034-B34A-EB569A86C3A4";"570305";"DI STEFANO";"g.distefano15@studenti.unipi.it"
"D33DA4A4-54C8-4281-8E2A-F3FCF8054E38";"501662";"MARZI";"j.marzi@studenti.unipi.it"
"798197EE-5210-4272-89DA-FB2E4D9E222E";"521762";"GALLONI";"m.galloni@studenti.unipi.it"
