NOME;COGNOME;MATRICOLA;COD_FISC;LOC_NASC;DATA_NASC;COD_RUOLO;RUOLO;
ANDREA;ADDOBBATI;80216;DDBNDR64P29E625W;LIVORNO;29/09/1964;PO;Professori Ordinari;
ANTONELLA;ALIMENTO;8320;LMNNNL56B62E783Q;MACERATA;22/02/1956;PA;Professori Associati;
ALBERTO;AMBROSINI;9683;MBRLRT62B19E463A;LA SPEZIA;19/02/1962;RU;Ricercatori Universitari;
MAURIZIO;AMBROSINI;11336;MBRMRZ67S23B832N;Carrara CARRARA;23/11/1967;RU;Ricercatori Universitari;
LEONARDO;AMOROSO;4553;MRSLRD52P03E625Y;LIVORNO;03/09/1952;PO;Professori Ordinari;
ANDREA;ANGIUS;41882;NGSNDR85R29I452B;SASSARI;29/10/1985;RD;Ricercatori Legge 240/10 - t. det.;
ANNA;ANGUISSOLA;30944;NGSNNA80R42F205A;MILANO;02/10/1980;PA;Professori Associati;
VALERIO;ASCANI;9262;SCNVLR62M21E715S;LUCCA;21/08/1962;RU;Ricercatori Universitari;
LUCA;BALDISSARA;9741;BLDLCU62M18A965T;BONDENO;18/08/1962;PA;Professori Associati;
ALBERTO MARIO;BANTI;8136;BNTLRT57H03G702H;PISA;03/06/1957;PO;Professori Ordinari;
CHIARA;BARBATI;26047;BRBCHR80H57A345F; L'AQUILA;17/06/1980;RD;Ricercatori Legge 240/10 - t. det.;
PIERLUIGI;BARROTTA;7573;BRRPLG58L08Z133Z;MENDRISIO SVIZZERA;08/07/1958;PO;Professori Ordinari;
SIMONETTA;BASSI;9204;BSSSNT66B47L483I;UDINE;07/02/1966;PO;Professori Ordinari;
MICHELE;BATTINI;9470;BTTMHL52P10G702R;PISA;10/09/1952;PO;Professori Ordinari;
FILIPPO;BATTISTONI;26323;BTTFPP79E09H501C; ROMA;09/05/1979;RD;Ricercatori Legge 240/10 - t. det.;
LUCA;BELLOTTI;80279;BLLLCU69L10E463D;LA SPEZIA;10/07/1969;PA;Professori Associati;
MARIA CARMELA;BETRO';5930;BTRMCR54M56L259C;TORRE DEL GRECO;16/08/1954;PO;Professori Ordinari;
ROBERTO;BIZZOCCHI;8966;BZZRRT53A14I304N;SANTARCANGELO DI ROMAGNA;14/01/1953;PO;Professori Ordinari;
PIER GIORGIO;BORBONE;9746;BRBPGR56H11L219J;TORINO;11/06/1956;PO;Professori Ordinari;
ALESSANDRO;BUONO;40144;BNULSN79R06F839G; NAPOLI;06/10/1979;PA;Professori Associati;
MARIA DOMITILLA;CAMPANILE;9568;CMPMDM64P42G702G;PISA;02/09/1964;PO;Professori Ordinari;
MARIA PIERA;CANDOTTI;37050;CNDMPR67A54F205N;MILANO;14/01/1967;RD;Ricercatori Legge 240/10 - t. det.;
FEDERICO;CANTINI;11801;CNTFRC73L19D403I;EMPOLI;19/07/1973;PO;Professori Ordinari;
ANTONELLA;CAPITANIO;10585;CPTNNL54B54E625N;LIVORNO;14/02/1954;PA;Professori Associati;
MAURO;CAPOCCI;43500;CPCMRA74S15H501I;ROMA;15/11/1974;RU;Ricercatori Universitari;
CRISTINA;CASSINA;9740;CSSCST62E53B455E;CAMAIORE;13/05/1962;PA;Professori Associati;
BRUNO;CENTRONE;9320;CNTBRN55E22H199V;RAVENNA;22/05/1955;PO;Professori Ordinari;
MARCO;COLLARETA;11556;CLLMRC52C08F132Q;Merano MERANO .MERAN.;08/03/1952;PO;Professori Ordinari;
SIMONE MARIA;COLLAVINI;9801;CLLSNM68D10I657R;SERRAVALLE SCRIVIA;10/04/1968;PO;Professori Ordinari;
SERGIO;CORTESINI;12784;CRTSRG71H30H501X;ROMA;30/06/1971;PA;Professori Associati;
RAIMONDO;CUBEDDU;8437;CBDRND51D18I605A;SENEGHE;18/04/1951;PO;Professori Ordinari;
ANACLETO;D'AGOSTINO;13960;DGSNLT75T27F537Y;VIBO VALENTIA  VIBO VALENTIA;27/12/1975;RD;Ricercatori Legge 240/10 - t. det.;
CRISTINA;D'ANCONA;10513;DNCCST56C61B474K;CAMERINO;21/03/1956;PA;Professori Associati;
FABIO;DEI;10909;DEIFBA56T03G752E;POGGIBONSI;03/12/1956;PA;Professori Associati;
MICHELE;DI DONATO;41881;DDNMHL85R25G702P;PISA;25/10/1985;RD;Ricercatori Legge 240/10 - t. det.;
CATERINA;DI PASQUALE;30078;DPSCRN77L69H501C; ROMA;29/07/1977;RD;Ricercatori Legge 240/10 - t. det.;
FULVIA;DONATI;6035;DNTFLV52D66E625L;LIVORNO;26/04/1952;PA;Professori Associati;
JESPER;EIDEM;37310;DMEJPR56R03Z107D;COPENAGHEN DANIMARCA;03/10/1956;PA;Professori Associati;
FABIO;FABIANI;10614;FBNFBA64A06F023L;MASSA;06/01/1964;PA;Professori Associati;
ADRIANO;FABRIS;6082;FBRDRN58S02L736A;VENEZIA;02/11/1958;PO;Professori Ordinari;
MARGHERITA;FACELLA;80231;FCLMGH70P51H163U;RAGUSA;11/09/1970;PA;Professori Associati;
DONATELLA;FANTOZZI;38831;FNTDTL60T71D510S;FAUGLIA;31/12/1960;RD;Ricercatori Legge 240/10 - t. det.;
VINCENZO;FARINELLA;9112;FRNVCN57S12A059Y;ADRIA;12/11/1957;PA;Professori Associati;
ALFREDO;FERRARIN;9269;FRRLRD60R07L157D;THIENE;07/10/1960;PO;Professori Ordinari;
VINZIA;FIORINO;80124;FRNVNZ64B61L331G;TRAPANI;21/02/1964;PA;Professori Associati;
GIAN LUCA;FRUCI;11552;FRCGLC72P05D332W;DOMODOSSOLA;05/09/1972;RD;Ricercatori Legge 240/10 - t. det.;
GIANLUCA;FULVETTI;11446;FLVGLC73T12E715R;LUCCA;12/12/1973;PA;Professori Associati;
MARIA ANTONELLA;GALANTI;9788;GLNMNT54L68M126Q;VOLTERRA;28/07/1954;PO;Professori Ordinari;
LAURA;GALOPPINI;8260;GLPLRA57P49E625A;LIVORNO;09/09/1957;RU;Ricercatori Universitari;
GABRIELE;GATTIGLIA;13141;GTTGRL69R24D969L;Genova GENOVA;24/10/1969;RD;Ricercatori Legge 240/10 - t. det.;
ANTONELLA;GIOLI;80107;GLINNL62H57A952U;BOLZANO BOLZANO .BOZEN.;17/06/1962;PA;Professori Associati;
MATTEO;GIULI;38638;GLIMTT80M28E715B; LUCCA;28/08/1980;RD;Ricercatori Legge 240/10 - t. det.;
ROBERTO;GRONDA;34853;GRNRRT81P02A859N; BIELLA;02/09/1981;RD;Ricercatori Legge 240/10 - t. det.;
MARIA LETIZIA;GUALANDI;5540;GLNMLT53M48E625Q;LIVORNO;08/08/1953;PO;Professori Ordinari;
CECILIA;IANNELLA;9371;NNLCCL64P46G702U;PISA;06/09/1964;RU;Ricercatori Universitari;
FABIO DARIO LUIGI;LAVISTA;34646;LVSFDR70S26F205F; MILANO;26/11/1970;RD;Ricercatori Legge 240/10 - t. det.;
MICHELA;LAZZERONI;80109;LZZMHL69S45G702R;PISA;05/11/1969;PA;Professori Associati;
ALESSANDRA;LISCHI;4734;LSCLSN51A49G702B;PISA;09/01/1951;PO;Professori Ordinari;
PAOLO;MACCHIA;9427;MCCPLA67B20G702T;PISA;20/02/1967;PA;Professori Associati;
SONIA;MAFFEI;28959;MFFSNO60T52L833L;VIAREGGIO;12/12/1960;PA;Professori Associati;
ELENA;MARCHESCHI;17211;MRCLNE75H62G702X;PISA;22/06/1975;RD;Ricercatori Legge 240/10 - t. det.;
EVA;MARINAI;11481;MRNVEA72S54G843K;PONTEDERA;14/11/1972;PA;Professori Associati;
ARTURO;MARZANO;11536;MRZRTR73M01H501I;ROMA;01/08/1973;PA;Professori Associati;
ANTONIO;MASALA;40171;MSLNTN72E24G203H; OZIERI;24/05/1972;RD;Ricercatori Legge 240/10 - t. det.;
DANIELE;MASCITELLI;13785;MSCDNL70D02B745J;CARBONIA;02/04/1970;RU;Ricercatori Universitari;
ANTONINO;MASTRUZZO;11235;MSTNNN63M29B428E;CALTAGIRONE;29/08/1963;PA;Professori Associati;
MARCO;MATTEOLI;11477;MTTMRC71T10D548Q;FERRARA;10/12/1971;RD;Ricercatori Legge 240/10 - t. det.;
RICCARDO;MAZZANTI;5554;MZZRCR53E08G702V;PISA;08/05/1953;PO;Professori Ordinari;
GIOVANNI;MAZZINI;9217;MZZGNN67H05H570D;ROSIGNANO MARITTIMO;05/06/1967;RU;Ricercatori Universitari;
SIMONETTA;MENCHELLI;7999;MNCSNT58T58B832Y;CARRARA;18/12/1958;PA;Professori Associati;
GIANLUCA;MINIACI;11728;MNCGLC80R26H703T;SALERNO;26/10/1980;PA;Professori Associati;
ENRICO;MORICONI;4878;MRCNRC50T03H501N;ROMA;03/12/1950;PO;Professori Ordinari;
CRISTINA;MORO;9396;MROCST65T42L483B;UDINE;02/12/1965;PA;Professori Associati;
VERONICA;NERI;50268;NREVNC77L68M126P;VOLTERRA;28/07/1977;PA;Professori Associati;
ALESSANDRO;ORENGO;8049;RNGLSN57L25E463H;LA SPEZIA;25/07/1957;PA;Professori Associati;
ARTURO;PACINI;9555;PCNRTR57L06L833W;VIAREGGIO;06/07/1957;PA;Professori Associati;
GIOVANNI;PAOLETTI;80187;PLTGNN70A03G702Q;PISA;03/01/1970;PO;Professori Ordinari;
GIOVANNI;PASTA;8050;PSTGNN56S15E625X;LIVORNO;15/11/1956;RU;Ricercatori Universitari;
MATTIA;PATTI;12012;PTTMTT76A16E625Z;LIVORNO;16/01/1976;PA;Professori Associati;
FRANCESCO;PELOSI;40173;PLSFNC77A26L780C;VEROLI;26/01/1977;RD;Ricercatori Legge 240/10 - t. det.;
RENATA;PEPICELLI;34626;PPCRNT76C68F839Y; NAPOLI;28/03/1976;PA;Professori Associati;
STEFANO;PERFETTI;9589;PRFSFN61M19G702F;PISA;19/08/1961;PA;Professori Associati;
GIUSEPPE;PETRALIA;9657;PTRGPP54T25D086X;COSENZA;25/12/1954;PO;Professori Ordinari;
SERGIO;PINNA;7239;PNNSRG55D08G702K;PISA;08/04/1955;PO;Professori Ordinari;
SARA;PIZZIMENTI;42235;PZZSRA82B50H501U; ROMA;10/02/1982;RD;Ricercatori Legge 240/10 - t. det.;
CLAUDIO SERGIO;POGLIANO;9466;PGLCDS53H02L219M;TORINO;02/06/1953;PO;Professori Ordinari;
ALMA;POLONI;10418;PLNLMA75L62B300F;BUSTO ARSIZIO;22/07/1975;PA;Professori Associati;
ALESSANDRO;POLSI;9785;PLSLSN55S25L424I;TRIESTE;25/11/1955;PO;Professori Ordinari;
ANDREA;RAGGI;11274;RGGNDR71C27G702G;PISA;27/03/1971;PA;Professori Associati;
MAURO;RONZANI;8115;RNZMRA53L06A944D;BOLOGNA;06/07/1953;PO;Professori Ordinari;
LISA;ROSSELLI;11251;RSSLSI73M60G843U;PONTEDERA;20/08/1973;RU;Ricercatori Universitari;
MARIA CRISTINA;ROSSI;13984;RSSMCR81D64A984W;BORDIGHERA;24/04/1981;RD;Ricercatori Legge 240/10 - t. det.;
GIOVANNI;SALMERI;8143;SLMGNN51C07C351A;CATANIA;07/03/1951;PO;Professori Ordinari;
ENRICA;SALVATORI;9015;SLVNRC63T58E463I;LA SPEZIA;18/12/1963;PA;Professori Associati;
MARIA MICHELA;SASSI;9665;SSSMMC55H47D530U;FELTRE;07/06/1955;PA;Professori Associati;
CHIARA;SAVETTIERI;10914;SVTCHR73B67G273V;PALERMO;27/02/1973;RU;Ricercatori Universitari;
GIOVANNI;SCARAFILE;38581;SCRGNN68S10E471O; LATIANO;10/11/1968;PA;Professori Associati;
ALBERTO LEOPOLDO;SIANI;19268;SNILRT83L18H703D;Salerno SALERNO;18/07/1983;PA;Professori Associati;
CINZIA MARIA;SICCA;6238;SCCCZM54C42G702L;PISA;02/03/1954;PO;Professori Ordinari;
FLORA;SILVANO;7000;SLVFLR55L71D612I;FIRENZE;31/07/1955;PA;Professori Associati;
ELISABETTA;STARNINI;37640;STRLBT59P45D969G;GENOVA;05/09/1959;RD;Ricercatori Legge 240/10 - t. det.;
CHIARA;TOGNOLOTTI;40172;TGNCHR72P54D612G; FIRENZE;14/09/1972;RD;Ricercatori Legge 240/10 - t. det.;
CHIARA OMBRETTA;TOMMASI;80173;TMMCRM73B48H501Z;ROMA;08/02/1973;PA;Professori Associati;
ALESSANDRO;TOSI;8698;TSOLSN59M27G702K;PISA;27/08/1959;PA;Professori Associati;
GIACOMO;TURBANTI;23508;TRBGCM81C31G088M;ORBETELLO;31/03/1981;RD;Ricercatori Legge 240/10 - t. det.;
ALESSANDRA MARIA;VERONESE;9372;VRNLSN61B59F205S;MILANO;19/02/1961;PA;Professori Associati;
PAOLA;ZAMPERLIN;41911;ZMPPLA74C41F394N; MONTAGNANA;01/03/1974;RD;Ricercatori Legge 240/10 - t. det.;
VOLODIA FILOMENA;CLEMENTE;20087;CLMVDF87P42H926U;SAN GIOVANNI ROTONDO;02/09/1987;TA;Personale tecnico amministrativo;
NICOLA;TRABUCCO;8785;TRBNCL73T06G702H;PISA;06/12/1973;TA;Personale tecnico amministrativo;
MARIALEANDRA;LUPI;9578;LPUMLN69S51G702D;PISA;11/11/1969;TA;Personale tecnico amministrativo;
LUISA;RAPPAZZO;11942;RPPLSU76L68G702T;PISA;28/07/1976;TA;Personale tecnico amministrativo;
SIMONA;BELLANDI;8259;BLLSMN67M59G702C;PISA;19/08/1967;TA;Personale tecnico amministrativo;
ALBERTO;MARTINI;13131;MRTLRT75P09G702F;PISA;09/09/1975;TA;Personale tecnico amministrativo;
FEDERICO;NOBILI;10840;NBLFRC74A18E463E;LA SPEZIA;18/01/1974;TA;Personale tecnico amministrativo;
ANNA;ANATOLIO;6664;NTLNNA58T59F839D;NAPOLI;19/12/1958;TA;Personale tecnico amministrativo;
