NOME;COGNOME;MATRICOLA;COD_FISC;LOC_NASC;DATA_NASC;COD_RUOLO;;;;;;;;
PASQUALINO;ALBI;80304;LBAPQL69E17F910N;NOCERA TERINESE;17/05/1969;PO;Professori Ordinari;;;;;;;
FEDERICO;AZZARRI;18381;ZZRFRC83C31E715G;LUCCA;31/03/1983;RD;Ricercatori Legge 240/10 - t. det.;;;;;;;
LUISA;AZZENA;9572;ZZNLSU65A65I452W;SASSARI;25/01/1965;PA;Professori asscociati;;;;;;;
FRANCESCO;BARACHINI;9274;BRCFNC67P29G702V;PISA;29/09/1967;PO;Professori Ordinari;;;;;;;
ALARICO;BARBAGLI;37642;BRBLRC77L27A468P; SINALUNGA;27/07/1977;RD;Ricercatori Legge 240/10 - t. det.;;;;;;;
ANDREA;BARTALENA;6047;BRTNDR55E19G702P;PISA;19/05/1955;PO;Professori Ordinari;;;;;;;
BRUNELLA;BELLE';9429;BLLBNL66L47B832R;CARRARA;07/07/1966;PA;Professori asscociati;;;;;;;
ILARIO;BELLONI;11737;BLLLRI77A05D862J;GALATINA;05/01/1977;PA;Professori asscociati;;;;;;;
ALESSANDRO;BENOCCI;26050;BNCLSN77D25A390N;Arezzo AREZZO;25/04/1977;RU;Ricercatori Universitari;;;;;;;
GIULIA;BOLETTO;10968;BLTGLI76A66G628A;PIETRASANTA;26/01/1976;RU;Ricercatori Universitari;;;;;;;
VALENTINA;BONINI;80076;BNNVNT69P51L833J;VIAREGGIO;11/09/1969;PA;Professori asscociati;;;;;;;
BRUNO;BRANCATI;15233;BRNBRN88A06H224V;REGGIO CALABRIA;06/01/1988;RD;Ricercatori Legge 240/10 - t. det.;;;;;;;
LUCA;BRESCIANI;8525;BRSLCU59P25G628R;PIETRASANTA;25/09/1959;RU;Ricercatori Universitari;;;;;;;
DINO;BUONCRISTIANI;9081;BNCDNI64A20G942E;POTENZA;20/01/1964;PA;Professori asscociati;;;;;;;
ANTONIO MARCELLO;CALAMIA;4928;CLMNNM52A16B506K;CAMPI SALENTINA;16/01/1952;PO;Professori Ordinari;;;;;;;
VALENTINA;CALDERAI;11255;CLDVNT66R42C773Y;CIVITAVECCHIA;02/10/1966;PA;Professori asscociati;;;;;;;
ALESSANDRO;CASSARINO;21834;CSSLSN81H01H163Y; RAGUSA;01/06/1981;RD;Ricercatori Legge 240/10 - t. det.;;;;;;;
ELISABETTA;CATELANI;8708;CTLLBT59T67D612L;FIRENZE;27/12/1959;PO;Professori Ordinari;;;;;;;
CLAUDIO;CECCHELLA;9467;CCCCLD58R22Z312R;ELIZABETHVILLE REPUBBLICA DEMOCRATICA DEL CONGO;22/10/1958;PA;Professori asscociati;;;;;;;
CLAUDIA;CINELLI;13766;CNLCLD80R48L833R;VIAREGGIO;08/10/1980;RD;Ricercatori Legge 240/10 - t. det.;;;;;;;
MICHELE ANDREA;COMASTRI;11553;CMSMHL78M13D629F;FIVIZZANO;13/08/1978;RD;Ricercatori Legge 240/10 - t. det.;;;;;;;
PIERLUIGI;CONSORTI;8032;CNSPLG60T10H501C;ROMA;10/12/1960;PO;Professori Ordinari;;;;;;;
GIAN LUCA;CONTI;10897;CNTGLC67E25D612K;FIRENZE;25/05/1967;PO;Professori Ordinari;;;;;;;
FRANCESCA;CRISTIANI;80064;CRSFNC61R61G702P;PISA;21/10/1961;RU;Ricercatori Universitari;;;;;;;
CARLO;CRISTIANO;11732;CRSCRL73M10G912Y;PORTOFERRAIO;10/08/1973;RD;Ricercatori Legge 240/10 - t. det.;;;;;;;
SIMONE;D'ASCOLA;17692;DSCSMN90S08L781L;VERONA;08/11/1990;RD;Ricercatori Legge 240/10 - t. det.;;;;;;;
FRANCESCO;DAL CANTO;9513;DLCFNC69R18E625G;LIVORNO;18/10/1969;PO;Professori Ordinari;;;;;;;
GIOVANNANGELO;DE FRANCESCO;4806;DFRGNN50R27D612T;FIRENZE;27/10/1950;PO;Professori Ordinari;;;;;;;
MATTEO;DEL CHICCA;17845;DLCMTT76B10G702R;PISA;10/02/1976;RD;Ricercatori Legge 240/10 - t. det.;;;;;;;
LUCA;DELLA TOMMASINA;22772;DLLLCU87L10F023B;MASSA;10/07/1987;RD;Ricercatori Legge 240/10 - t. det.;;;;;;;
GIULIA;DONADIO;19437;DNDGLI87P51F839X; NAPOLI;11/09/1987;RD;Ricercatori Legge 240/10 - t. det.;;;;;;;
GIANLUCA;FAMIGLIETTI;11473;FMGGLC74B08F839K;NAPOLI;08/02/1974;PA;Professori asscociati;;;;;;;
CHIARA;FAVILLI;10403;FVLCHR72P61G702A;PISA;21/09/1972;PA;Professori asscociati;;;;;;;
ALFREDO;FIORITTO;10901;FRTLRD54C07I543H;SCONTRONE;07/03/1954;PO;Professori Ordinari;;;;;;;
EMILIANO;FREDIANI;12364;FRDMLN79L22E715I;LUCCA;22/07/1979;PA;Professori asscociati;;;;;;;
RAFFAELE;GALARDI;50194;GLRRFL83A12G793N;POLLA;12/01/1983;RD;Ricercatori Legge 240/10 - t. det.;;;;;;;
BENEDETTA;GALGANI;11800;GLGBDT73L70G702Y;PISA;30/07/1973;PA;Professori asscociati;;;;;;;
CHIARA;GALLIGANI;13465;GLLCHR71E64G702G;PISA;24/05/1971;RU;Ricercatori Universitari;;;;;;;
ALBERTO;GARGANI;9202;GRGLRT62E02Z114V;OXFORD REGNO UNITO DI GRAN BRETAGNA;02/05/1962;PO;Professori Ordinari;;;;;;;
MARCO;GERI;23571;GREMRC69S03B950E;CASCINA;03/11/1969;RD;Ricercatori Legge 240/10 - t. det.;;;;;;;
NICOLA;GIOCOLI;9345;GCLNCL67M14D612U;FIRENZE;14/08/1967;PO;Professori Ordinari;;;;;;;
VALENTINA;GIOMI;10445;GMIVNT72E62I726F;SIENA;22/05/1972;PA;Professori asscociati;;;;;;;
LUCA;GORI;11741;GROLCU77T17G702H;PISA;17/12/1977;PA;Professori asscociati;;;;;;;
TOMMASO;GRECO;9745;GRCTMS68L11B426R;CALOVETO;11/07/1968;PO;Professori Ordinari;;;;;;;
GABRIELLA;IERMANO;9619;RMNGRL71C44A509F;AVELLINO;04/03/1971;PA;Professori asscociati;;;;;;;
ILARIA;KUTUFA';11540;KTFLRI78T48E625B;LIVORNO;08/12/1978;PA;Professori asscociati;;;;;;;
ANDREA;LANDI;9266;LNDNDR65E18G254F;PALAIA;18/05/1965;PA;Professori asscociati;;;;;;;
CHIARA;LAPI;15024;LPACHR77M48G843B;PONTEDERA;08/08/1977;RD;Ricercatori Legge 240/10 - t. det.;;;;;;;
ILARIA;LOLLI;8158;LLLLRI61D43C236B;CASTELNUOVO DI GARFAGNANA;03/04/1961;RU;Ricercatori Universitari;;;;;;;
ELENA;MALFATTI;9086;MLFLNE68M44E715K;LUCCA;04/08/1968;PO;Professori Ordinari;;;;;;;
MICHELE;MARIANI;8056;MRNMHL63A13G702U;PISA;13/01/1963;RU;Ricercatori Universitari;;;;;;;
SIMONE;MARINAI;10912;MRNSMN76M22G702Y;PISA;22/08/1976;PA;Professori asscociati;;;;;;;
FRANCESCA;MARTINES;9620;MRTFNC61E43L378A;TRENTO;03/05/1961;PA;Professori asscociati;;;;;;;
ADRIANO;MARTINI;8285;MRTDRN54R17F023B;MASSA;17/10/1954;PA;Professori asscociati;;;;;;;
ENRICO;MARZADURI;5949;MRZNRC54C14F839F;NAPOLI;14/03/1954;PO;Professori Ordinari;;;;;;;
SERGIO;MENCHINI;9655;MNCSRG57P27Z614E;CARACAS -VENEZUELA VENEZUELA;27/09/1957;PO;Professori Ordinari;;;;;;;
LORENZO;MILAZZO;11270;MLZLNZ74P27E463V;LA SPEZIA;27/09/1974;PA;Professori asscociati;;;;;;;
PIETRO;MILAZZO;11178;MLZPTR74R12A390U;AREZZO;12/10/1974;PA;Professori asscociati;;;;;;;
ANNA ;MONTESANO;47077;MNTNNA85B46D086S;COSENZA;06/02/1985;RD;Ricercatori Legge 240/10 - t. det.;;;;;;;
CATERINA;MURGO;10913;MRGCRN72M51E885D;MANFREDONIA;11/08/1972;RU;Ricercatori Universitari;;;;;;;
EMANUELA;NAVARRETTA;9580;NVRMNL66A43B519F;CAMPOBASSO;03/01/1966;PO;Professori Ordinari;;;;;;;
ALBERTO;NICCOLAI;10902;NCCLRT63D01G713R;PISTOIA;01/04/1963;PA;Professori asscociati;;;;;;;
DOMENICO;NOTARO;12259;NTRDNC73A14D086A;COSENZA;14/01/1973;PA;Professori asscociati;;;;;;;
STEFANO;PARDINI;8403;PRDSFN62E04G628S;PIETRASANTA;04/05/1962;RU;Ricercatori Universitari;;;;;;;
LEONARDO;PASQUALI;11166;PSQLRD70B23E463X;LA SPEZIA;23/02/1970;PA;Professori asscociati;;;;;;;
PAOLO;PASSAGLIA;9646;PSSPLA73S05G702V;PISA;05/11/1973;PO;Professori Ordinari;;;;;;;
MICHELA;PASSALACQUA;11543;PSSMHL74B67E463N;La Spezia LA SPEZIA;27/02/1974;PO;Professori Ordinari;;;;;;;
ENZA;PELLECCHIA;8667;PLLNZE61L65D548G;FERRARA;25/07/1961;PO;Professori Ordinari;;;;;;;
ANDREA;PERTICI;9557;PRTNDR70H01L833P;VIAREGGIO;01/06/1970;PO;Professori Ordinari;;;;;;;
ALDO;PETRUCCI;9178;PTRLDA57L14H501Y;ROMA;14/07/1957;PO;Professori Ordinari;;;;;;;
VINCENZO;PINTO;9802;PNTVCN74P22L628R;VALLO DELLA LUCANIA;22/09/1974;PO;Professori Ordinari;;;;;;;
DIANORA;POLETTI;8043;PLTDNR57T49B832Z;CARRARA;09/12/1957;PO;Professori Ordinari;;;;;;;
FEDERICO;PROCCHI;9786;PRCFRC74C12G687O;PIOMBINO;12/03/1974;PA;Professori asscociati;;;;;;;
GIORGIO;RIDOLFI;26293;RDLGRG81M20A515Z; AVEZZANO;20/08/1981;RD;Ricercatori Legge 240/10 - t. det.;;;;;;;
LUCA;RIGHI;8271;RGHLCU62R21A390H;AREZZO;21/10/1962;RU;Ricercatori Universitari;;;;;;;
ROBERTO;ROMBOLI;5271;RMBRRT50T07G843O;PONTEDERA;07/12/1950;PO;Professori Ordinari;;;;;;;
ELEONORA;SIRSI;6234;SRSLNR60D54E882F;MANDURIA;14/04/1960;PO;Professori Ordinari;;;;;;;
ANGIOLETTA;SPERTI;10583;SPRNLT73L47L049X;TARANTO;07/07/1973;PA;Professori asscociati;;;;;;;
ELETTRA;STRADELLA;11637;STRLTR80S66D969C;GENOVA;26/11/1980;PA;Professori asscociati;;;;;;;
ROLANDO;TARCHI;9189;TRCRND57L23H570H;ROSIGNANO MARITTIMO;23/07/1957;PO;Professori Ordinari;;;;;;;
CLAUDIA;TERRENI;9042;TRRCLD65P58E625Z;LIVORNO;18/09/1965;RU;Ricercatori Universitari;;;;;;;
ANTONIO;VALLINI;80090;VLLNTN73A07L833N;VIAREGGIO;07/01/1973;PO;Professori Ordinari;;;;;;;
EMMA;VENAFRO;9787;VNFMME65C53G702F;PISA;13/03/1965;PA;Professori asscociati;;;;;;;
SALVATORE;VUOTO;8770;VTUSVT68H09F924I;NOLA;09/06/1968;PA;Professori asscociati;;;;;;;
MARIA ANGELA;ZUMPANO;8416;ZMPMNG61M66G702D;PISA;26/08/1961;PA;Professori asscociati;;;;;;;
CHIARA;BATTISTINI;6022;BTTCHR54B52G702U;PISA;12/02/1954;TA;Personale tecnico amministrativo;;;;;;;
GIANLUCA;DE LILLO;7787;DLLGLC67M25D969K;GENOVA;25/08/1967;TA;Personale tecnico amministrativo;;;;;;;
MASSIMILIANO;DEGLI INNOCENTI;8254;DGLMSM67D24B950R;CASCINA;24/04/1967;TA;Personale tecnico amministrativo;;;;;;;
CLAUDIA;SALVADORI;50072;SLVCLD70E50G702Y;PISA;10/05/1970;TA;Personale tecnico amministrativo;;;;;;;
MARIA PIA;SANVITO;10645;SNVMRP64D64F376P;MONOPOLI;24/04/1964;TA;Personale tecnico amministrativo;;;;;;;
LAURA;ZURRIDA;6007;ZRRLRA61E61G702W;PISA;21/05/1961;TA;Personale tecnico amministrativo;;;;;;;
