NOME;COGNOME;MATRICOLA;COD_FISC;LOC_NASC;DATA_NASC;COD_RUOLO;RUOLO;
MATTIA;ALEARDI;16142;LRDMTT84H11F023Z; MASSA;11/06/1984;RD;Ricercatori Legge 240/10 - t. det.;
GABRIELLA;BAGNOLI;5980;BGNGRL50A41G687L;PIOMBINO;01/01/1950;PA;Professori Associati;
CARLO;BARONI;8055;BRNCRL56P08A060D;ADRO;08/09/1956;PO;Professori Ordinari;
DUCCIO;BERTONI;12672;BRTDCC76R06L833X;VIAREGGIO;06/10/1976;RD;Ricercatori Legge 240/10 - t. det.;
CRISTIAN;BIAGIONI;12972;BGNCST81D28E715M;LUCCA;28/04/1981;PA;Professori Associati;
GIOVANNI;BIANUCCI;80001;BNCGNN64L21E715N;LUCCA;21/07/1964;PA;Professori Associati;
MONICA;BINI;11698;BNIMNC71S44L833T;VIAREGGIO;04/11/1971;PA;Professori Associati;
ELENA;BONACCORSI;9134;BNCLNE64E46G702Y;PISA;06/05/1964;PA;Professori Associati;
ANDREA;CIAMPALINI;36271;CMPNDR76M02G702B; PISA;02/08/1976;RD;Ricercatori Legge 240/10 - t. det.;
ALBERTO;COLLARETA;24749;CLLLRT91B07G702V; PISA;07/02/1991;RD;Ricercatori Legge 240/10 - t. det.;
GIACOMO ALFREDO;D'AMATO AVANZI;7046;DMTGML57M21H980P;SAN MARCELLO PISTOIESE;21/08/1957;PA;Professori Associati;
MASSIMO;D'ORAZIO;9212;DRZMSM63C15C632P;CHIETI;15/03/1963;PA;Professori Associati;
LUIGI;FOLCO;13454;FLCLGU65P21H501Q;ROMA;21/09/1965;PA;Professori Associati;
CHIARA;FRASSI;11582;FRSCHR76C58B950C;CASCINA;18/03/1976;RD;Ricercatori Legge 240/10 - t. det.;
PAOLO;FULIGNATI;80052;FLGPLA67S05E625J;LIVORNO;05/11/1967;RU;Ricercatori Universitari;
ROBERTO;GIANNECCHINI;10796;GNNRRT70M10G628P;PIETRASANTA;10/08/1970;PA;Professori Associati;
ANNA;GIONCADA;80129;GNCNNA63P55I046D;SAN MINIATO;15/09/1963;PA;Professori Associati;
CLAUDIO;LARDICCI;7125;LRDCLD57S12E625F;LIVORNO;12/11/1957;PA;Professori Associati;
MARCO;LEZZERINI;80006;LZZMRC63E07A794X;BERGAMO;07/05/1963;PA;Professori Associati;
PAOLA;MARIANELLI;9369;MRNPLA63E71G843O;PONTEDERA;31/05/1963;PA;Professori Associati;
MICHELE;MARRONI;8031;MRRMHL58E30G702P;PISA;30/05/1958;PO;Professori Ordinari;
MATTEO;MASOTTA;32922;MSTMTT84P15H501Z;Roma ROMA;15/09/1984;PA;Professori Associati;
FRANCESCA;MENEGHINI;10757;MNGFNC73S46G702W;PISA;06/11/1973;PA;Professori Associati;
GIANCARLO;MOLLI;9316;MLLGCR62C22I363O;SANTO STEFANO DI MAGRA;22/03/1962;PA;Professori Associati;
CATERINA;MORIGI;14175;MRGCRN67R47H199F; RAVENNA;07/10/1967;PA;Professori Associati;
GIOVANNI;MUSUMECI;9314;MSMGNN59S12F107Z;MELILLI;12/11/1959;PA;Professori Associati;
ELISABETTA;ORLANDINI;7796;RLNLBT55T44E463K;LA SPEZIA;04/12/1955;PA;Professori Associati;
CAROLINA;PAGLI;21916;PGLCLN76E68E625T; LIVORNO;28/05/1976;PA;Professori Associati;
LUCA;PANDOLFI;10580;PNDLCU64E21F023A;MASSA;21/05/1964;PO;Professori Ordinari;
MARTA;PAPPALARDO;9315;PPPMRT65S63C621U;CHIAVARI;23/11/1965;PO;Professori Ordinari;
MARCO;PASERO;6248;PSRMRC58H25G702C;PISA;25/06/1958;PO;Professori Ordinari;
NATALE;PERCHIAZZI;8265;PRCNTL58E11A662Q;BARI;11/05/1958;PA;Professori Associati;
RICCARDO;PETRINI;14176;PTRRCR57C20G702V; PISA;20/03/1957;PA;Professori Associati;
MARCO;PISTOLESI;11730;PSTMRC78C26E625I;LIVORNO;26/03/1978;RD;Ricercatori Legge 240/10 - t. det.;
LUCA;RAGAINI;6878;RGNLCU58H07E625D;LIVORNO;07/06/1958;RU;Ricercatori Universitari;
VIVIANA;RE;41916;REXVVN81D58L219O; TORINO;18/04/1981;RD;Ricercatori Legge 240/10 - t. det.;
ADRIANO;RIBOLINI;80046;RBLDRN67L22E542S;LERICI;22/07/1967;PA;Professori Associati;
SERGIO;ROCCHI;8039;RCCSRG63L12A559K;CASCIANA TERME;12/07/1963;PO;Professori Ordinari;
MAURO;ROSI;6856;RSOMRA49S27D730A;FORTE DEI MARMI;27/11/1949;PO;Professori Ordinari;
MARIA CRISTINA;SALVATORE;13445;SLVMCR63L46H501Y;ROMA;06/07/1963;PA;Professori Associati;
GIOVANNI;SARTI;9215;SRTGNN61C04G702K;PISA;04/03/1961;PA;Professori Associati;
ALESSANDRO;SBRANA;5982;SBRLSN51B08G702O;PISA;08/02/1951;PO;Professori Ordinari;
EUSEBIO MARIA;STUCCHI;13103;STCSMR65C29B729W; CARATE BRIANZA;29/03/1965;PA;Professori Associati;
ANDREA;TOGNARELLI;13438;TGNNDR78M02I452W;SASSARI;02/08/1978;RU;Ricercatori Universitari;
MATTEO;VACCHI;41218;VCCMTT82A21D969H;GENOVA;21/01/1982;RD;Ricercatori Legge 240/10 - t. det.;
GIOVANNI;ZANCHETTA;80073;ZNCGNN65M28E715S;LUCCA;28/08/1965;PO;Professori Ordinari;
TIZIANA;CIOMEI;8273;CMITZN64A57G702F;PISA;17/01/1964;TA;Personale tecnico amministrativo;
GIAN PAOLO;PALMESTINA;10040;PLMGPL65B04G702F;PISA;04/02/1965;TA;Personale tecnico amministrativo;
GIUSEPPINA;SINISCALCO;7465;SNSGPP65S64G702G;PISA;24/11/1965;TA;Personale tecnico amministrativo;
MARCO;TAMPONI;80089;TMPMRC59C05G015I;OLBIA;05/03/1959;TA;Personale tecnico amministrativo;
