<?xml version="1.0" encoding="utf-8"?>
<key id="358d2e49-cb2e-42f1-9b33-a2d2163bf79d" version="1">
  <creationDate>2020-10-10T20:55:07.9486716Z</creationDate>
  <activationDate>2020-10-10T20:55:07.8874601Z</activationDate>
  <expirationDate>2021-01-08T20:55:07.8874601Z</expirationDate>
  <descriptor deserializerType="Microsoft.AspNetCore.DataProtection.AuthenticatedEncryption.ConfigurationModel.AuthenticatedEncryptorDescriptorDeserializer, Microsoft.AspNetCore.DataProtection, Version=3.1.8.0, Culture=neutral, PublicKeyToken=adb9793829ddae60">
    <descriptor>
      <encryption algorithm="AES_256_CBC" />
      <validation algorithm="HMACSHA256" />
      <masterKey p4:requiresEncryption="true" xmlns:p4="http://schemas.asp.net/2015/03/dataProtection">
        <!-- Warning: the key below is in an unencrypted form. -->
        <value>N3e69RzHZNt8ESe45+LFFxqUPq/28wnLMvaZtLm65U0kLhs2ixb11K0pJgwUdGBLthaIsSSxdrCDzBr0qp+MNQ==</value>
      </masterKey>
    </descriptor>
  </descriptor>
</key>