﻿<?xml version="1.0" encoding="utf-8"?>
<key id="c277e037-39b3-4df4-86ea-7ebe8de70781" version="1">
  <creationDate>2020-10-11T21:24:28.4599166Z</creationDate>
  <activationDate>2020-10-11T21:24:28.4058271Z</activationDate>
  <expirationDate>2021-01-09T21:24:28.4058271Z</expirationDate>
  <descriptor deserializerType="Microsoft.AspNetCore.DataProtection.AuthenticatedEncryption.ConfigurationModel.AuthenticatedEncryptorDescriptorDeserializer, Microsoft.AspNetCore.DataProtection, Version=3.1.8.0, Culture=neutral, PublicKeyToken=adb9793829ddae60">
    <descriptor>
      <encryption algorithm="AES_256_CBC" />
      <validation algorithm="HMACSHA256" />
      <masterKey p4:requiresEncryption="true" xmlns:p4="http://schemas.asp.net/2015/03/dataProtection">
        <!-- Warning: the key below is in an unencrypted form. -->
        <value>UEgQ6qjNF5xGGr5LQvPaeOYwds/8raoeEuH2TLZLH1kMTXmM/wTdVz+ms/74ccJZt1tQpePXXbwr/aWUrdYcUg==</value>
      </masterKey>
    </descriptor>
  </descriptor>
</key>