Nome;Cognome;Matricola;Codice fiscale;Luogo di nascita;Data di nascita;Codice ruolo;Ruolo
MONICA;BINI;11698;BNIMNC71S44L833T;Viareggio;04/11/1971;PA;Professore associato
ANDREA;CAITI;8685;CTANDR63E18F839B;Napoli;18/05/1963;PO;Professore ordinario
SIMONE;CAPACCIOLI;80063;CPCSMN66S10D612D;Firenze;10/11/1966;PA;Professore associato
GIOVANNI;CORSINI;5993;CRSGNN53L07E202U;Grosseto;07/07/1953;PO;Professore ordinario
ISIDORO;FERRANTE;8148;FRRSDR65M24L331U;Trapani;24/08/1965;PA;Professore associato
ANNA;GIONCADA;80129;GNCNNA63P55I046D;San Miniato;15/09/1963;PA;Professore associato
LUCA;PANDOLFI;10580;PNDLCU64E21F023A;Massa;21/05/1964;PO;Professore ordinario
MARCO;POLINI;35221;PLNMRC77C07I754L;Siracusa;07/03/1977;PO;Professore ordinario
ADRIANO;RIBOLINI;80046;RBLDRN67L22E542S;Lerici;22/07/1967;PA;Professore associato
EUSEBIO MARIA;STUCCHI;13103;STCSMR65C29B729W;Carate Brianza;29/03/1965;PA;Professore associato
MICHELE;VIRGILIO;11315;VRGMHL75R24F205Q;Milano;24/10/1975;PA;Professore associato
LUIGI ;ZANZI;;ZNZLGU59A07L682C;Varese;07/01/1959;PO;Professore ordinario - Politec.MI
