Nome;Cognome;Matricola;Codice fiscale;Luogo di nascita;Data di nascita;Codice ruolo;Ruolo
ANNA;ANGUISSOLA;30944;NGSNNA80R42F205A;Milano;02/10/1980;PA;Professore associato
GIOVANNI;BOSCHIAN;7571;BSCGNN59S14L424H;Trieste;14/11/1959;PA;Professore associato
FEDERICO;CANTINI;11801;CNTFRC73L19D403I;Empoli;19/07/1973;PO;Professore ordinario
MICHELE;CORRADI;13907;CRRMHL76H08E463Z;La Spezia;08/06/1976;PA;Professore associato
FABIO;DEI;10909;DEIFBA56T03G752E;Poggibonsi;03/12/1956;PA;Professore associato
FULVIA;DONATI;6035;DNTFLV52D66E625L;Livorno;26/04/1952;PA;Professore associato
JESPER;EIDEM;37310;DMEJPR56R03Z107D;Danimarca;03/10/1956;PA;Professore associato
FABIO;FABIANI;10614;FBNFBA64A06F023L;Massa;06/01/1964;PA;Professore associato
MARGHERITA;FACELLA;80231;FCLMGH70P51H163U;Ragusa;11/09/1970;PA;Professore associato
MARIA LETIZIA;GUALANDI;5540;GLNMLT53M48E625Q;Livorno;08/08/1953;PO;Professore ordinario
DAMIANO;MARCHI;14044;MRCDMN72L22L833O;Viareggio;22/07/1972;PA;Professore associato
ANTONINO;MASTRUZZO;11235;MSTNNN63M29B428E;Caltagirone;29/08/1963;PA;Professore associato
SIMONETTA;MENCHELLI;7999;MNCSNT58T58B832Y;Carrara;18/12/1958;PA;Professore associato
FRANCESCA;MODUGNO;9648;MDGFNC72D43A662W;Bari;03/04/1972;PA;Professore associato
GIUSEPPE;PETRALIA;9657;PTRGPP54T25D086X;Cosenza;25/12/1954;PO;Professore ordinario
ERIKA;RIBECHINI;11196;RBCRKE74A59G843R;Pontedera;19/01/1974;PA;Professore associato
GIOVANNI;SALMERI;8143;SLMGNN51C07C351A;Catania;07/03/1951;PO;Professore ordinario
ENRICA;SALVATORI;9015;SLVNRC63T58E463I;La Spezia;18/12/1963;PA;Professore associato
FLORA;SILVANO;7000;SLVFLR55L71D612I;Firenze;31/07/1955;PA;Professore associato
ANDREA;TADDEI;10584;TDDNDR73H26G687F;Piombino;26/06/1973;PA;Professore associato
CHIARA OMBRETTA;TOMMASI;80173;TMMCRM73B48H501Z;Roma;08/02/1973;PA;Professore associato
ALESSANDRA MARIA;VERONESE;9372;VRNLSN61B59F205S;Milano;19/02/1961;PA;Professore associato
