Nome;Cognome;Matricola;Codice fiscale;Luogo di nascita;Data di nascita;Codice ruolo;Ruolo
ALBERTO MARIO;BANTI;8136;BNTLRT57H03G702H;Pisa;03/06/1957;PO;Professore ordinario
SIMONETTA;BASSI;9204;BSSSNT66B47L483I;Udine;07/02/1966;PO;Professore ordinario
STEFANO;BRUGNOLO;12459;BRGSFN56A30G224S;Padova;30/01/1956;PO;Professore ordinario
RAIMONDO;CUBEDDU;8437;CBDRND51D18I605A;Seneghe;18/04/1951;PO;Professore ordinario
ADRIANO;FABRIS;6082;FBRDRN58S02L736A;Venezia;02/11/1958;PO;Professore ordinario
ANTONELLA;GIOLI;80107;GLINNL62H57A952U;Bolzano;17/06/1962;PA;Professore associato
MICHELA;LAZZERONI;80109;LZZMHL69S45G702R;Pisa;05/11/1969;PA;Professore associato
ALESSANDRA;LISCHI;4734;LSCLSN51A49G702B;Pisa;09/01/1951;PO;Professore ordinario
SONIA;MAFFEI;28959;MFFSNO60T52L833L;Viareggio;12/12/1960;PA;Professore associato
EVA;MARINAI;11481;MRNVEA72S54G843K;Pontedera;14/11/1972;PA;Professore associato
VERONICA;NERI;50268;NREVNC77L68M126P;Volterra;28/07/1977;PA;Professore associato
ALBERTO LEOPOLDO;SIANI;19268;SNILRT83L18H703D;Salerno;18/07/1983;PA;Professore associato
ANDREA;TOMASI;5213;TMSNDR53R21L378P;Trento;21/10/1953;PA;Professore associato
ALESSANDRO;TOSI;8698;TSOLSN59M27G702K;Pisa;27/08/1959;PA;Professore associato
