Nome;Cognome;Matricola;Codice fiscale;Luogo di nascita;Data di nascita;Codice ruolo;Ruolo
ANNA;ANGUISSOLA;30944;NGSNNA80R42F205A;Milano;02/10/1980;PA;Professore associato
VALERIO;ASCANI;9262;SCNVLR62M21E715S;Lucca;21/08/1962;RU;Ricercatore
FILIPPO;BATTISTONI;26323;BTTFPP79E09H501C;Roma;09/05/1979;RD;Ricercatore a tempo determinato
RICCARDO;BELCARI;28450;BLCRCR64T24G687P;Piombino;24/12/1964;PC;Professore a contratto
MARISA;BONAMICI;3194;BNMMRS45C52A562S;San Giuliano Terme;12/03/1945;PC;Professore a contratto
GIOVANNI;BOSCHIAN;7571;BSCGNN59S14L424H;Trieste;14/11/1959;PA;Professore associato
FEDERICO;CANTINI;11801;CNTFRC73L19D403I;Empoli;19/07/1973;PO;Professore ordinario
MARTA;COLOMBO;12114;CLMMRT76T68D612D;Firenze;28/12/1976;PC;Professore a contratto
MICHELE;CORRADI;13907;CRRMHL76H08E463Z;La Spezia;08/06/1976;PA;Professore associato
FABIO;DEI;10909;DEIFBA56T03G752E;Poggibonsi;03/12/1956;PA;Professore associato
FULVIA;DONATI;6035;DNTFLV52D66E625L;Livorno;26/04/1952;PA;Professore associato
JESPER;EIDEM;37310;DMEJPR56R03Z107D;Danimarca;03/10/1956;PA;Professore associato
FABIO;FABIANI;10614;FBNFBA64A06F023L;Massa;06/01/1964;PA;Professore associato
MARGHERITA;FACELLA;80231;FCLMGH70P51H163U;Ragusa;11/09/1970;PA;Professore associato
GINO;FORNACIARI;8120;FRNGNI45M07L833R;Viareggio;07/08/1945;PC;Professore a contratto
GABRIELE;GATTIGLIA;13141;GTTGRL69R24D969L;Genova;24/10/1969;RD;Ricercatore a tempo determinato
GIAMPAOLO;GRAZIADIO;4513;GRZGPL49R04G702I;Pisa;04/10/1949;PC;Professore a contratto
MARIA LETIZIA;GUALANDI;5540;GLNMLT53M48E625Q;Livorno;08/08/1953;PO;Professore ordinario
DAMIANO;MARCHI;14044;MRCDMN72L22L833O;Viareggio;22/07/1972;PA;Professore associato
DANIELE;MASCITELLI;13785;MSCDNL70D02B745J;Carbonia;02/04/1970;RU;Ricercatore
ANTONINO;MASTRUZZO;11235;MSTNNN63M29B428E;Caltagirone;29/08/1963;PA;Professore associato
SIMONETTA;MENCHELLI;7999;MNCSNT58T58B832Y;Carrara;18/12/1958;PA;Professore associato
FRANCESCA;MODUGNO;9648;MDGFNC72D43A662W;Bari;03/04/1972;PA;Professore associato
PAOLO;MOGOROVICH;13251;MGRPLA46L29G284R;Palmanova;29/07/1946;PC;Professore a contratto
MAURIZIO;PAOLETTI;12804;PLTMRZ53P10E625Y;Livorno;10/09/1953;PC;Professore a contratto
MARIA CECILIA;PARRA;9664;PRRMCC52D65E202Y;Grosseto;25/04/1952;PC;Professore a contratto
GIUSEPPE;PETRALIA;9657;PTRGPP54T25D086X;Cosenza;25/12/1954;PO;Professore ordinario
CRISTIANA;PETRINELLI PANNOCCHIA;12185;PTRCST72E57B950L;Cascina;17/05/1972;PC;Professore a contratto
GIOVANNA;RADI;4503;RDAGNN47L69B898Q;Casalmaggiore;29/07/1947;PC;Professore a contratto
LUCA;RAGAINI;6878;RGNLCU58H07E625D;Livorno;07/06/1958;RU;Ricercatore
ERIKA;RIBECHINI;11196;RBCRKE74A59G843R;Pontedera;19/01/1974;PA;Professore associato
LISA;ROSSELLI;11251;RSSLSI73M60G843U;Pontedera;20/08/1973;RU;Ricercatore
GIOVANNI;SALMERI;8143;SLMGNN51C07C351A;Catania;07/03/1951;PO;Professore ordinario
ENRICA;SALVATORI;9015;SLVNRC63T58E463I;La Spezia;18/12/1963;PA;Professore associato
FLORA;SILVANO;7000;SLVFLR55L71D612I;Firenze;31/07/1955;PA;Professore associato
ELISABETTA;STARNINI;37640;STRLBT59P45D969G;Genova;05/09/1959;RD;Ricercatore a tempo determinato
EMANUELE;TACCOLA;11626;TCCMNL78L09G702M;Pisa;09/07/1978;PC;Professore a contratto
ANDREA;TADDEI;10584;TDDNDR73H26G687F;Piombino;26/06/1973;PA;Professore associato
CHIARA OMBRETTA;TOMMASI;80173;TMMCRM73B48H501Z;Roma;08/02/1973;PA;Professore associato
ALESSANDRA MARIA;VERONESE;9372;VRNLSN61B59F205S;Milano;19/02/1961;PA;Professore associato
