Nome;Cognome;Matricola;Codice fiscale;Luogo di nascita;Data di nascita;Codice ruolo;Ruolo
BRUNELLA;BELLE';9429;BLLBNL66L47B832R;Carrara;07/07/1966;PA;Professore associato
VALENTINA;BONINI;80076;BNNVNT69P51L833J;Viareggio;11/09/1969;PA;Professore associato
LUCA;BRESCIANI;8525;BRSLCU59P25G628R;Pietrasanta;25/09/1959;RU;Ricercatore
ANTONIO MARCELLO;CALAMIA;4928;CLMNNM52A16B506K;Campi Salentina;16/01/1952;PO;Professore ordinario
ALESSANDRO;CASSARINO;21834;CSSLSN81H01H163Y;Ragusa;01/06/1981;RD;Ricercatore a tempo determinato
ELISABETTA;CATELANI;8708;CTLLBT59T67D612L;Firenze;27/12/1959;PO;Professore ordinario
DAVID;CERRI;13171;CRRDVD55C01G702T;Pisa;01/03/1955;PC;Professore a contratto
PIERLUIGI;CONSORTI;8032;CNSPLG60T10H501C;Roma;10/12/1960;PO;Professore ordinario
FRANCESCA;CRISTIANI;80064;CRSFNC61R61G702P;Pisa;21/10/1961;RU;Ricercatore
FRANCESCO;DAL CANTO;9513;DLCFNC69R18E625G;Livorno;18/10/1969;PO;Professore ordinario
SIMONE;D'ASCOLA;17692;DSCSMN90S08L781L;Verona;08/11/1990;RD;Ricercatore a tempo determinato
LUCA;DELLA TOMMASINA;22772;DLLLCU87L10F023B;Massa;10/07/1987;RD;Ricercatore a tempo determinato
DAVID FABIO;ESBORRAZ;30434;SBRDDF65L28Z600S;Argentina;28/07/1965;PC;Professore a contratto
GIANLUCA;FAMIGLIETTI;11473;FMGGLC74B08F839K;Napoli;08/02/1974;PA;Professore associato
ALFREDO;FIORITTO;10901;FRTLRD54C07I543H;Scontrone;07/03/1954;PO;Professore ordinario
RAFFAELE;GALARDI;50194;GLRRFL83A12G793N;Polla;12/01/1983;RD;Ricercatore a tempo determinato
MARCO;GERI;23571;GREMRC69S03B950E;Cascina;03/11/1969;RD;Ricercatore a tempo determinato
VALENTINA;GIOMI;10445;GMIVNT72E62I726F;Siena;22/05/1972;PA;Professore associato
MARCO;GOLDONI;3228;GLDMRC46E27E463U;La Spezia;27/05/1946;PC;Professore a contratto
LUCA;GORI;11741;GROLCU77T17G702H;Pisa;17/12/1977;PA;Professore associato
GIUSEPPINA;IACOVIELLO;80163;CVLGPP70A42E206B;Grottaminarda;02/01/1970;PA;Professore associato
ILARIA;KUTUFA';11540;KTFLRI78T48E625B;Livorno;08/12/1978;PA;Professore associato
ILARIA;LOLLI;8158;LLLLRI61D43C236B;Castelnuovo di Garfagnana;03/04/1961;RU;Ricercatore
SIMONE;MARINAI;10912;MRNSMN76M22G702Y;Pisa;22/08/1976;PA;Professore associato
FRANCESCA;MARTINES;9620;MRTFNC61E43L378A;Trento;03/05/1961;PA;Professore associato
ADRIANO;MARTINI;8285;MRTDRN54R17F023B;Massa;17/10/1954;PA;Professore associato
ORONZO;MAZZOTTA;9653;MZZRNZ49A18E506R;Lecce;18/01/1949;PC;Professore a contratto
DOMENICO;NOTARO;12259;NTRDNC73A14D086A;Cosenza;14/01/1973;PA;Professore associato
LEONARDO;PASQUALI;11166;PSQLRD70B23E463X;La Spezia;23/02/1970;PA;Professore associato
MICHELA;PASSALACQUA;11543;PSSMHL74B67E463N;La Spezia;27/02/1974;PO;Professore ordinario
ANDREA;PERTICI;9557;PRTNDR70H01L833P;Viareggio;01/06/1970;PO;Professore ordinario
VINCENZO;PINTO;9802;PNTVCN74P22L628R;Vallo della Lucania;22/09/1974;PO;Professore ordinario
FRANCESCO;PODDIGHE;2377;PDDFNC42P16C978P;Copertino;16/09/1942;PC;Professore a contratto
GIORGIO;RIDOLFI;26293;RDLGRG81M20A515Z;Avezzano;20/08/1981;RD;Ricercatore a tempo determinato
LUCA;RIGHI;8271;RGHLCU62R21A390H;Arezzo;21/10/1962;RU;Ricercatore
EMANUELE;ROSSI;13089;RSSMNL58R19G870J;Pontremoli;19/10/1958;PC;Professore a contratto
CHIARA;SEGHIERI;15956;SGHCHR76A45D612G;Firenze;05/01/1976;PC;Professore a contratto
ANTONINO;SGROI;12146;SGRNNN60D29C351B;Catania;29/04/1960;PC;Professore a contratto
ANGIOLETTA;SPERTI;10583;SPRNLT73L47L049X;Taranto;07/07/1973;PA;Professore associato
ELETTRA;STRADELLA;11637;STRLTR80S66D969C;Genova;26/11/1980;PA;Professore associato
EMMA;VENAFRO;9787;VNFMME65C53G702F;Pisa;13/03/1965;PA;Professore associato
SALVATORE;VUOTO;8770;VTUSVT68H09F924I;Nola;09/06/1968;PA;Professore associato
MARIA ANGELA;ZUMPANO;8416;ZMPMNG61M66G702D;Pisa;26/08/1961;PA;Professore associato
