Nome;Cognome;Matricola;Codice fiscale;Luogo di nascita;Data di nascita;Codice ruolo;Ruolo
MAURIZIO;AMBROSINI;11336;MBRMRZ67S23B832N;Carrara;23/11/1967;RU;Ricercatore
ANDREA;AMERIO;28547;MRANDR75C04A479Q;Asti;04/03/1975;PC;Professore a contratto
ALBERTO MARIO;BANTI;8136;BNTLRT57H03G702H;Pisa;03/06/1957;PO;Professore ordinario
SIMONETTA;BASSI;9204;BSSSNT66B47L483I;Udine;07/02/1966;PO;Professore ordinario
LUCA;BIAGIOTTI;12206;BGTLCU63P26E625Y;Livorno;26/09/1963;PC;Professore a contratto
CARMELA;BONGIOVANNI;17997;BNGCML60M49D458X;Faenza;09/08/1960;PC;Professore a contratto
STEFANO;BRUGNOLO;12459;BRGSFN56A30G224S;Padova;30/01/1956;PO;Professore ordinario
RAIMONDO;CUBEDDU;8437;CBDRND51D18I605A;Seneghe;18/04/1951;PO;Professore ordinario
LORENZO;CUCCU;897;CCCLNZ40H04L378R;Trento;04/06/1940;PC;Professore a contratto
ANDREINA;DI BRINO;14047;DBRNRN66E55A052F;Acqui Terme;15/05/1966;PC;Professore a contratto
UGO;DI TULLIO;13940;DTLGUO59C11F839M;Napoli;11/03/1959;PC;Professore a contratto
ADRIANO;FABRIS;6082;FBRDRN58S02L736A;Venezia;02/11/1958;PO;Professore ordinario
FRANCO;FARINA;12210;FRNFNC63A01G702U;Pisa;01/01/1963;PC;Professore a contratto
MANFRED;GIAMPIETRO;13082;GMPMFR82P23G702D;Pisa;23/09/1982;PC;Professore a contratto
ANTONELLA;GIOLI;80107;GLINNL62H57A952U;Bolzano;17/06/1962;PA;Professore associato
FEDERICO;GUERRI;36749;GRRFRC76H16G687B;Piombino;16/06/1976;PC;Professore a contratto
MICHELA;LAZZERONI;80109;LZZMHL69S45G702R;Pisa;05/11/1969;PA;Professore associato
ALESSANDRA;LISCHI;4734;LSCLSN51A49G702B;Pisa;09/01/1951;PO;Professore ordinario
SONIA;MAFFEI;28959;MFFSNO60T52L833L;Viareggio;12/12/1960;PA;Professore associato
ELENA;MARCHESCHI;17211;MRCLNE75H62G702X;Pisa;22/06/1975;RD;Ricercatore a tempo determinato
EVA;MARINAI;11481;MRNVEA72S54G843K;Pontedera;14/11/1972;PA;Professore associato
LAWRENCE THOMAS;MARTINELLI;13402;MRTLRN53T21Z404A;Stati Uniti d'America;21/12/1953;PC;Professore a contratto
ANTONIO;MASALA;40171;MSLNTN72E24G203H;Ozieri;24/05/1972;RD;Ricercatore a tempo determinato
CATHERINE;MEDINA;46161;MDNCHR82M53Z110Z;Francia;13/08/1982;PC;Professore a contratto
VERONICA;NERI;50268;NREVNC77L68M126P;Volterra;28/07/1977;PA;Professore associato
BRUNA;NICCOLI;11489;NCCBRN62B51E463T;La Spezia;11/02/1962;PC;Professore a contratto
GASPARE;POLIZZI;42516;PLZGPR55B26L331P;Trapani;26/02/1955;PC;Professore a contratto
ANTONIO;SCUGLIA;46944;SCGNTN63S04D261S;Decollatura;04/11/1963;PC;Professore a contratto
ALBERTO LEOPOLDO;SIANI;19268;SNILRT83L18H703D;Salerno;18/07/1983;PA;Professore associato
CHIARA;TOGNOLOTTI;40172;TGNCHR72P54D612G;Firenze;14/09/1972;RD;Ricercatore a tempo determinato
ANDREA;TOMASI;5213;TMSNDR53R21L378P;Trento;21/10/1953;PA;Professore associato
ALESSANDRO;TOSI;8698;TSOLSN59M27G702K;Pisa;27/08/1959;PA;Professore associato
NICOLA;TRABUCCO;8785;TRBNCL73T06G702H;Pisa;06/12/1973;PC;Professore a contratto
GIACOMO;TURBANTI;23508;TRBGCM81C31G088M;Orbetello;31/03/1981;RD;Ricercatore a tempo determinato
ANTONIO;VALENTINI;31353;VLNNTN57D24C415O;Cecina;24/04/1957;PC;Professore a contratto
