Nome;Cognome;Matricola;Codice fiscale;Luogo di nascita;Data di nascita;Codice ruolo;Ruolo
ANTONELLA;ALIMENTO;8320;LMNNNL56B62E783Q;Macerata;22/02/1956;PA;Professore associato
ALBERTO;AMBROSINI;9683;MBRLRT62B19E463A;La Spezia;19/02/1962;RU;Ricercatore
MAURIZIO;AMBROSINI;11336;MBRMRZ67S23B832N;Carrara;23/11/1967;RU;Ricercatore
VALERIO;ASCANI;9262;SCNVLR62M21E715S;Lucca;21/08/1962;RU;Ricercatore
ROBERTO;BACCI;26963;BCCRRT49L01G702X;Pisa;01/07/1949;PC;Professore a contratto
ALBERTO MARIO;BANTI;8136;BNTLRT57H03G702H;Pisa;03/06/1957;PO;Professore ordinario
ANNA;BARSOTTI;3239;BRSNNA48E53B950Y;Cascina;13/05/1948;PC;Professore a contratto
SIMONA;BELLANDI;8259;BLLSMN67M59G702C;Pisa;19/08/1967;PC;Professore a contratto
MARCO;CALLIERI;28387;CLLMRC75D24F952O;Novara;24/04/1975;PC;Professore a contratto
ANTONELLA;CAPITANIO;10585;CPTNNL54B54E625N;Livorno;14/02/1954;PA;Professore associato
MARCO;COLLARETA;11556;CLLMRC52C08F132Q;Merano;08/03/1952;PO;Professore ordinario
SIMONE MARIA;COLLAVINI;9801;CLLSNM68D10I657R;Serravalle Scrivia;10/04/1968;PO;Professore ordinario
SERGIO;CORTESINI;12784;CRTSRG71H30H501X;Roma;30/06/1971;PA;Professore associato
LORENZO;CUCCU;897;CCCLNZ40H04L378R;Trento;04/06/1940;PC;Professore a contratto
VINCENZO;FARINELLA;9112;FRNVCN57S12A059Y;Adria;12/11/1957;PA;Professore associato
MANFRED;GIAMPIETRO;13082;GMPMFR82P23G702D;Pisa;23/09/1982;PC;Professore a contratto
ANTONELLA;GIOLI;80107;GLINNL62H57A952U;Bolzano;17/06/1962;PA;Professore associato
BARBARA;GUIDI;15337;GDUBBR81D44G843Y;Pontedera;04/04/1981;RD;Ricercatore a tempo determinato
GIUSEPPE ANDREA;L'ABBATE;50076;LBBGPP63T17E625J;Livorno;17/12/1963;PC;Professore a contratto
ALESSANDRA;LISCHI;4734;LSCLSN51A49G702B;Pisa;09/01/1951;PO;Professore ordinario
SONIA;MAFFEI;28959;MFFSNO60T52L833L;Viareggio;12/12/1960;PA;Professore associato
ELENA;MARCHESCHI;17211;MRCLNE75H62G702X;Pisa;22/06/1975;RD;Ricercatore a tempo determinato
EVA;MARINAI;11481;MRNVEA72S54G843K;Pontedera;14/11/1972;PA;Professore associato
MATTIA;PATTI;12012;PTTMTT76A16E625Z;Livorno;16/01/1976;PA;Professore associato
GIUSEPPE;PETRALIA;9657;PTRGPP54T25D086X;Cosenza;25/12/1954;PO;Professore ordinario
ANITA;PIEMONTI;3371;PMNNTA48C52E098X;Gorizia;12/03/1948;PC;Professore a contratto
ALMA;POLONI;10418;PLNLMA75L62B300F;Busto Arsizio;22/07/1975;PA;Professore associato
CLAUDIO;PROIETTI;39291;PRTCLD51M12H501X;Roma;12/08/1951;PC;Professore a contratto
CHIARA;SAVETTIERI;10914;SVTCHR73B67G273V;Palermo;27/02/1973;RU;Ricercatore
CINZIA MARIA;SICCA;6238;SCCCZM54C42G702L;Pisa;02/03/1954;PO;Professore ordinario
CHIARA;TOGNOLOTTI;40172;TGNCHR72P54D612G;Firenze;14/09/1972;RD;Ricercatore a tempo determinato
ALESSANDRO;TOSI;8698;TSOLSN59M27G702K;Pisa;27/08/1959;PA;Professore associato
DENISE;ULIVIERI;80036;LVRDNS68P63E625R;Livorno;23/09/1968;RU;Ricercatore
CRISTINA;LAZZARI;41451;LZZCST67B52G702P;Pisa;12/02/1967;PC;Professore a contratto
ALESSANDRO;CECCHI;25548;CCCLSN73S16G999X;Prato;16/11/1973;RD;
